<?xml version="1.0" encoding="UTF-8"?>

<!--
 =================================================================
  Licensed Materials - Property of IBM

  WebSphere Commerce

  (C) Copyright IBM Corp. 2010, 2013 All Rights Reserved.

  US Government Users Restricted Rights - Use, duplication or
  disclosure restricted by GSA ADP Schedule Contract with
  IBM Corp.
 =================================================================
-->
<BIConfiguration>
	<ssoKey></ssoKey>
	<biproviders>
		<biprovider name="coremetrics">
			<options>
				<attribute name="useDDX" value="false"/>
			</options>
			<header>
				<![CDATA[<script type="text/JavaScript">
<!--
]]>
			</header>
			<footer>
				<![CDATA[
//-->
</script>]]>
			</footer>
		</biprovider>
	</biproviders>

	<stores>
		<store storeId="10201" biprovider="coremetrics" enabled="true" debug="true" marketingCenterEnabled="false"
			useHostedCMHLibraries="true" useEmailForCustomerId="false" segmentExportMode="append" >
			<useCookies>true</useCookies>
			<clientid>52570000</clientid>
			<!--useCMSetupOther>true</useCMSetupOther-->
			<url>https://welcome.coremetrics.com/analyticswebapp/analytics.jsp</url>
			<!--marketingCenterUrl>https://mc.coremetrics.com/mcwebapp/welcome.do</marketingCenterUrl-->
			<options>
				<attribute name="useDDX" value="false"/>
			</options>
			<output section="header">
				<![CDATA[
					<script type="text/javascript" src="//libs.coremetrics.com/eluminate.js"></script> 
					<script type="text/javascript"> 
						cmSetupNormalization("krypto-_-krypto"); 
						
						// send data to production system 
						cmSetClientID("52570000|IndiaLabs",false,"data.coremetrics.com","ciezc4b090.in.ibm.com");
						
						// send data to test system 
						//cmSetClientID("82570000",false,"testdata.coremetrics.com","ciezc4b090.in.ibm.com");
						
						if (typeof IORequest != "undefined"){ 
	 						 IORequest.client_id_override ="52570000"
							} 
					</script> 				
				]]>
			</output>
		</store>

	</stores>
</BIConfiguration>
